CREATE TABLE "appointments" ("id_appointment" integer NOT NULL PRIMARY KEY AUTOINCREMENT, "date" datetime NOT NULL, "reason" text NOT NULL, "status" varchar(20) NOT NULL, "created_at" datetime NOT NULL, "pet_id" integer NOT NULL REFERENCES "pets" ("id_pet") DEFERRABLE INITIALLY DEFERRED, "veterinarian_id" integer NOT NULL REFERENCES "veterinarians" ("id_veterinarian") DEFERRABLE INITIALLY DEFERRED);

CREATE TABLE "auth_group" ("id" integer NOT NULL PRIMARY KEY AUTOINCREMENT, "name" varchar(150) NOT NULL UNIQUE);

CREATE TABLE "auth_group_permissions" ("id" integer NOT NULL PRIMARY KEY AUTOINCREMENT, "group_id" integer NOT NULL REFERENCES "auth_group" ("id") DEFERRABLE INITIALLY DEFERRED, "permission_id" integer NOT NULL REFERENCES "auth_permission" ("id") DEFERRABLE INITIALLY DEFERRED);

CREATE TABLE "auth_permission" ("id" integer NOT NULL PRIMARY KEY AUTOINCREMENT, "content_type_id" integer NOT NULL REFERENCES "django_content_type" ("id") DEFERRABLE INITIALLY DEFERRED, "codename" varchar(100) NOT NULL, "name" varchar(255) NOT NULL);

INSERT INTO auth_permission (id, content_type_id, codename, name) VALUES (1, 1, 'add_logentry', 'Can add log entry');
INSERT INTO auth_permission (id, content_type_id, codename, name) VALUES (2, 1, 'change_logentry', 'Can change log entry');
INSERT INTO auth_permission (id, content_type_id, codename, name) VALUES (3, 1, 'delete_logentry', 'Can delete log entry');
INSERT INTO auth_permission (id, content_type_id, codename, name) VALUES (4, 1, 'view_logentry', 'Can view log entry');
INSERT INTO auth_permission (id, content_type_id, codename, name) VALUES (5, 3, 'add_permission', 'Can add permission');
INSERT INTO auth_permission (id, content_type_id, codename, name) VALUES (6, 3, 'change_permission', 'Can change permission');
INSERT INTO auth_permission (id, content_type_id, codename, name) VALUES (7, 3, 'delete_permission', 'Can delete permission');
INSERT INTO auth_permission (id, content_type_id, codename, name) VALUES (8, 3, 'view_permission', 'Can view permission');
INSERT INTO auth_permission (id, content_type_id, codename, name) VALUES (9, 2, 'add_group', 'Can add group');
INSERT INTO auth_permission (id, content_type_id, codename, name) VALUES (10, 2, 'change_group', 'Can change group');
INSERT INTO auth_permission (id, content_type_id, codename, name) VALUES (11, 2, 'delete_group', 'Can delete group');
INSERT INTO auth_permission (id, content_type_id, codename, name) VALUES (12, 2, 'view_group', 'Can view group');
INSERT INTO auth_permission (id, content_type_id, codename, name) VALUES (13, 4, 'add_contenttype', 'Can add content type');
INSERT INTO auth_permission (id, content_type_id, codename, name) VALUES (14, 4, 'change_contenttype', 'Can change content type');
INSERT INTO auth_permission (id, content_type_id, codename, name) VALUES (15, 4, 'delete_contenttype', 'Can delete content type');
INSERT INTO auth_permission (id, content_type_id, codename, name) VALUES (16, 4, 'view_contenttype', 'Can view content type');
INSERT INTO auth_permission (id, content_type_id, codename, name) VALUES (17, 5, 'add_session', 'Can add session');
INSERT INTO auth_permission (id, content_type_id, codename, name) VALUES (18, 5, 'change_session', 'Can change session');
INSERT INTO auth_permission (id, content_type_id, codename, name) VALUES (19, 5, 'delete_session', 'Can delete session');
INSERT INTO auth_permission (id, content_type_id, codename, name) VALUES (20, 5, 'view_session', 'Can view session');
INSERT INTO auth_permission (id, content_type_id, codename, name) VALUES (21, 6, 'add_user', 'Can add user');
INSERT INTO auth_permission (id, content_type_id, codename, name) VALUES (22, 6, 'change_user', 'Can change user');
INSERT INTO auth_permission (id, content_type_id, codename, name) VALUES (23, 6, 'delete_user', 'Can delete user');
INSERT INTO auth_permission (id, content_type_id, codename, name) VALUES (24, 6, 'view_user', 'Can view user');
INSERT INTO auth_permission (id, content_type_id, codename, name) VALUES (25, 7, 'add_client', 'Can add client');
INSERT INTO auth_permission (id, content_type_id, codename, name) VALUES (26, 7, 'change_client', 'Can change client');
INSERT INTO auth_permission (id, content_type_id, codename, name) VALUES (27, 7, 'delete_client', 'Can delete client');
INSERT INTO auth_permission (id, content_type_id, codename, name) VALUES (28, 7, 'view_client', 'Can view client');
INSERT INTO auth_permission (id, content_type_id, codename, name) VALUES (29, 8, 'add_veterinarian', 'Can add veterinarian');
INSERT INTO auth_permission (id, content_type_id, codename, name) VALUES (30, 8, 'change_veterinarian', 'Can change veterinarian');
INSERT INTO auth_permission (id, content_type_id, codename, name) VALUES (31, 8, 'delete_veterinarian', 'Can delete veterinarian');
INSERT INTO auth_permission (id, content_type_id, codename, name) VALUES (32, 8, 'view_veterinarian', 'Can view veterinarian');
INSERT INTO auth_permission (id, content_type_id, codename, name) VALUES (33, 9, 'add_pet', 'Can add pet');
INSERT INTO auth_permission (id, content_type_id, codename, name) VALUES (34, 9, 'change_pet', 'Can change pet');
INSERT INTO auth_permission (id, content_type_id, codename, name) VALUES (35, 9, 'delete_pet', 'Can delete pet');
INSERT INTO auth_permission (id, content_type_id, codename, name) VALUES (36, 9, 'view_pet', 'Can view pet');
INSERT INTO auth_permission (id, content_type_id, codename, name) VALUES (37, 10, 'add_medicalrecord', 'Can add medical record');
INSERT INTO auth_permission (id, content_type_id, codename, name) VALUES (38, 10, 'change_medicalrecord', 'Can change medical record');
INSERT INTO auth_permission (id, content_type_id, codename, name) VALUES (39, 10, 'delete_medicalrecord', 'Can delete medical record');
INSERT INTO auth_permission (id, content_type_id, codename, name) VALUES (40, 10, 'view_medicalrecord', 'Can view medical record');
INSERT INTO auth_permission (id, content_type_id, codename, name) VALUES (41, 11, 'add_appointment', 'Can add appointment');
INSERT INTO auth_permission (id, content_type_id, codename, name) VALUES (42, 11, 'change_appointment', 'Can change appointment');
INSERT INTO auth_permission (id, content_type_id, codename, name) VALUES (43, 11, 'delete_appointment', 'Can delete appointment');
INSERT INTO auth_permission (id, content_type_id, codename, name) VALUES (44, 11, 'view_appointment', 'Can view appointment');

CREATE TABLE "clients" ("id_client" integer NOT NULL PRIMARY KEY AUTOINCREMENT, "name" varchar(100) NOT NULL, "phone" varchar(20) NOT NULL, "email" varchar(254) NOT NULL UNIQUE, "address" text NOT NULL, "created_at" datetime NOT NULL, "updated_at" datetime NOT NULL);

INSERT INTO clients (id_client, name, phone, email, address, created_at, updated_at) VALUES (1, 'Luis Pech', '9991112334', 'LuisPech77@gmail.com', 'c.18 x 333 y 334', '2026-03-27 22:39:31.560143', '2026-03-27 22:39:31.560197');

CREATE TABLE "medical_records" ("id_record" integer NOT NULL PRIMARY KEY AUTOINCREMENT, "date" date NOT NULL, "diagnosis" text NOT NULL, "treatment" text NOT NULL, "notes" text NOT NULL, "pet_id" integer NOT NULL REFERENCES "pets" ("id_pet") DEFERRABLE INITIALLY DEFERRED, "veterinarian_id" integer NULL REFERENCES "veterinarians" ("id_veterinarian") DEFERRABLE INITIALLY DEFERRED);

CREATE TABLE "pets" ("id_pet" integer NOT NULL PRIMARY KEY AUTOINCREMENT, "name" varchar(100) NOT NULL, "species" varchar(20) NOT NULL, "breed" varchar(100) NOT NULL, "age" integer NOT NULL, "created_at" datetime NOT NULL, "client_id" integer NOT NULL REFERENCES "clients" ("id_client") DEFERRABLE INITIALLY DEFERRED);

INSERT INTO pets (id_pet, name, species, breed, age, created_at, client_id) VALUES (1, 'Napa', 'dog', 'Malix', 20, '2026-03-27 22:40:05.918116', 1);

CREATE TABLE "users" ("id" integer NOT NULL PRIMARY KEY AUTOINCREMENT, "password" varchar(128) NOT NULL, "last_login" datetime NULL, "is_superuser" bool NOT NULL, "username" varchar(150) NOT NULL UNIQUE, "first_name" varchar(150) NOT NULL, "last_name" varchar(150) NOT NULL, "email" varchar(254) NOT NULL, "is_staff" bool NOT NULL, "is_active" bool NOT NULL, "date_joined" datetime NOT NULL, "role" varchar(20) NOT NULL, "phone" varchar(17) NOT NULL);

INSERT INTO users (id, password, last_login, is_superuser, username, first_name, last_name, email, is_staff, is_active, date_joined, role, phone) VALUES (1, 'pbkdf2_sha256$1200000$A60OylOT3LwkH4r4UG1I1h$rkB/wMT4wQY327DIEtYqsAJi8OpagArv0gFz13Uni3o=', '2026-03-20 17:48:07.280541', 1, 'admin1', '', '', 'adminhappypaw@gmail.com', 1, 1, '2026-03-17 19:03:29', 'admin', '');
INSERT INTO users (id, password, last_login, is_superuser, username, first_name, last_name, email, is_staff, is_active, date_joined, role, phone) VALUES (5, 'pbkdf2_sha256$1200000$As3gj3hKm1KuO9FpIrQa2k$f+vBMP85viiYKJp/ICtHR2ZMKicE6ETdj+djT4OY0QQ=', NULL, 0, 'Carlos', 'Carlos', 'Domador', 'gabrieleec1704@gmail.com', 0, 1, '2026-03-20 17:49:42', 'veterinarian', '');
INSERT INTO users (id, password, last_login, is_superuser, username, first_name, last_name, email, is_staff, is_active, date_joined, role, phone) VALUES (6, 'pbkdf2_sha256$1200000$CXBKS9LzE3EkhcOUthhBx1$Hl0EUAjhXcf3Lf73UwEqGxKf0AVdW1pyWJd1b1cRKLA=', NULL, 0, 'carlos', 'Carlos', 'López', 'carlos@veterinaria.com', 0, 1, '2026-03-20 17:55:55.503644', 'veterinarian', '');
INSERT INTO users (id, password, last_login, is_superuser, username, first_name, last_name, email, is_staff, is_active, date_joined, role, phone) VALUES (7, 'pbkdf2_sha256$1200000$L8zJBtHLEULJEYbW9sWiAr$5Cw+feoEgirgRHDNa49h3k9O8RAZNX+VdAtoci8hD7g=', NULL, 1, 'jessi', 'Jessi', 'Chi', 'gabrieleec1704@gmail.com', 1, 1, '2026-03-25 22:11:22', 'veterinarian', '');

CREATE TABLE "users_groups" ("id" integer NOT NULL PRIMARY KEY AUTOINCREMENT, "user_id" bigint NOT NULL REFERENCES "users" ("id") DEFERRABLE INITIALLY DEFERRED, "group_id" integer NOT NULL REFERENCES "auth_group" ("id") DEFERRABLE INITIALLY DEFERRED);

CREATE TABLE "users_user_permissions" ("id" integer NOT NULL PRIMARY KEY AUTOINCREMENT, "user_id" bigint NOT NULL REFERENCES "users" ("id") DEFERRABLE INITIALLY DEFERRED, "permission_id" integer NOT NULL REFERENCES "auth_permission" ("id") DEFERRABLE INITIALLY DEFERRED);

INSERT INTO users_user_permissions (id, user_id, permission_id) VALUES (45, 1, 1);
INSERT INTO users_user_permissions (id, user_id, permission_id) VALUES (46, 1, 2);
INSERT INTO users_user_permissions (id, user_id, permission_id) VALUES (47, 1, 3);
INSERT INTO users_user_permissions (id, user_id, permission_id) VALUES (48, 1, 4);
INSERT INTO users_user_permissions (id, user_id, permission_id) VALUES (49, 1, 5);
INSERT INTO users_user_permissions (id, user_id, permission_id) VALUES (50, 1, 6);
INSERT INTO users_user_permissions (id, user_id, permission_id) VALUES (51, 1, 7);
INSERT INTO users_user_permissions (id, user_id, permission_id) VALUES (52, 1, 8);
INSERT INTO users_user_permissions (id, user_id, permission_id) VALUES (53, 1, 9);
INSERT INTO users_user_permissions (id, user_id, permission_id) VALUES (54, 1, 10);
INSERT INTO users_user_permissions (id, user_id, permission_id) VALUES (55, 1, 11);
INSERT INTO users_user_permissions (id, user_id, permission_id) VALUES (56, 1, 12);
INSERT INTO users_user_permissions (id, user_id, permission_id) VALUES (57, 1, 13);
INSERT INTO users_user_permissions (id, user_id, permission_id) VALUES (58, 1, 14);
INSERT INTO users_user_permissions (id, user_id, permission_id) VALUES (59, 1, 15);
INSERT INTO users_user_permissions (id, user_id, permission_id) VALUES (60, 1, 16);
INSERT INTO users_user_permissions (id, user_id, permission_id) VALUES (61, 1, 17);
INSERT INTO users_user_permissions (id, user_id, permission_id) VALUES (62, 1, 18);
INSERT INTO users_user_permissions (id, user_id, permission_id) VALUES (63, 1, 19);
INSERT INTO users_user_permissions (id, user_id, permission_id) VALUES (64, 1, 20);
INSERT INTO users_user_permissions (id, user_id, permission_id) VALUES (65, 1, 21);
INSERT INTO users_user_permissions (id, user_id, permission_id) VALUES (66, 1, 22);
INSERT INTO users_user_permissions (id, user_id, permission_id) VALUES (67, 1, 23);
INSERT INTO users_user_permissions (id, user_id, permission_id) VALUES (68, 1, 24);
INSERT INTO users_user_permissions (id, user_id, permission_id) VALUES (69, 1, 25);
INSERT INTO users_user_permissions (id, user_id, permission_id) VALUES (70, 1, 26);
INSERT INTO users_user_permissions (id, user_id, permission_id) VALUES (71, 1, 27);
INSERT INTO users_user_permissions (id, user_id, permission_id) VALUES (72, 1, 28);
INSERT INTO users_user_permissions (id, user_id, permission_id) VALUES (73, 1, 29);
INSERT INTO users_user_permissions (id, user_id, permission_id) VALUES (74, 1, 30);
INSERT INTO users_user_permissions (id, user_id, permission_id) VALUES (75, 1, 31);
INSERT INTO users_user_permissions (id, user_id, permission_id) VALUES (76, 1, 32);
INSERT INTO users_user_permissions (id, user_id, permission_id) VALUES (77, 1, 33);
INSERT INTO users_user_permissions (id, user_id, permission_id) VALUES (78, 1, 34);
INSERT INTO users_user_permissions (id, user_id, permission_id) VALUES (79, 1, 35);
INSERT INTO users_user_permissions (id, user_id, permission_id) VALUES (80, 1, 36);
INSERT INTO users_user_permissions (id, user_id, permission_id) VALUES (81, 1, 37);
INSERT INTO users_user_permissions (id, user_id, permission_id) VALUES (82, 1, 38);
INSERT INTO users_user_permissions (id, user_id, permission_id) VALUES (83, 1, 39);
INSERT INTO users_user_permissions (id, user_id, permission_id) VALUES (84, 1, 40);
INSERT INTO users_user_permissions (id, user_id, permission_id) VALUES (85, 1, 41);
INSERT INTO users_user_permissions (id, user_id, permission_id) VALUES (86, 1, 42);
INSERT INTO users_user_permissions (id, user_id, permission_id) VALUES (87, 1, 43);
INSERT INTO users_user_permissions (id, user_id, permission_id) VALUES (88, 1, 44);
INSERT INTO users_user_permissions (id, user_id, permission_id) VALUES (89, 7, 1);
INSERT INTO users_user_permissions (id, user_id, permission_id) VALUES (90, 7, 2);
INSERT INTO users_user_permissions (id, user_id, permission_id) VALUES (91, 7, 3);
INSERT INTO users_user_permissions (id, user_id, permission_id) VALUES (92, 7, 4);
INSERT INTO users_user_permissions (id, user_id, permission_id) VALUES (93, 7, 5);
INSERT INTO users_user_permissions (id, user_id, permission_id) VALUES (94, 7, 6);
INSERT INTO users_user_permissions (id, user_id, permission_id) VALUES (95, 7, 7);
INSERT INTO users_user_permissions (id, user_id, permission_id) VALUES (96, 7, 8);
INSERT INTO users_user_permissions (id, user_id, permission_id) VALUES (97, 7, 9);
INSERT INTO users_user_permissions (id, user_id, permission_id) VALUES (98, 7, 10);
INSERT INTO users_user_permissions (id, user_id, permission_id) VALUES (99, 7, 11);
INSERT INTO users_user_permissions (id, user_id, permission_id) VALUES (100, 7, 12);
INSERT INTO users_user_permissions (id, user_id, permission_id) VALUES (101, 7, 13);
INSERT INTO users_user_permissions (id, user_id, permission_id) VALUES (102, 7, 14);
INSERT INTO users_user_permissions (id, user_id, permission_id) VALUES (103, 7, 15);
INSERT INTO users_user_permissions (id, user_id, permission_id) VALUES (104, 7, 16);
INSERT INTO users_user_permissions (id, user_id, permission_id) VALUES (105, 7, 17);
INSERT INTO users_user_permissions (id, user_id, permission_id) VALUES (106, 7, 18);
INSERT INTO users_user_permissions (id, user_id, permission_id) VALUES (107, 7, 19);
INSERT INTO users_user_permissions (id, user_id, permission_id) VALUES (108, 7, 20);
INSERT INTO users_user_permissions (id, user_id, permission_id) VALUES (109, 7, 21);
INSERT INTO users_user_permissions (id, user_id, permission_id) VALUES (110, 7, 22);
INSERT INTO users_user_permissions (id, user_id, permission_id) VALUES (111, 7, 23);
INSERT INTO users_user_permissions (id, user_id, permission_id) VALUES (112, 7, 24);
INSERT INTO users_user_permissions (id, user_id, permission_id) VALUES (113, 7, 25);
INSERT INTO users_user_permissions (id, user_id, permission_id) VALUES (114, 7, 26);
INSERT INTO users_user_permissions (id, user_id, permission_id) VALUES (115, 7, 27);
INSERT INTO users_user_permissions (id, user_id, permission_id) VALUES (116, 7, 28);
INSERT INTO users_user_permissions (id, user_id, permission_id) VALUES (117, 7, 29);
INSERT INTO users_user_permissions (id, user_id, permission_id) VALUES (118, 7, 30);
INSERT INTO users_user_permissions (id, user_id, permission_id) VALUES (119, 7, 31);
INSERT INTO users_user_permissions (id, user_id, permission_id) VALUES (120, 7, 32);
INSERT INTO users_user_permissions (id, user_id, permission_id) VALUES (121, 7, 33);
INSERT INTO users_user_permissions (id, user_id, permission_id) VALUES (122, 7, 34);
INSERT INTO users_user_permissions (id, user_id, permission_id) VALUES (123, 7, 35);
INSERT INTO users_user_permissions (id, user_id, permission_id) VALUES (124, 7, 36);
INSERT INTO users_user_permissions (id, user_id, permission_id) VALUES (125, 7, 37);
INSERT INTO users_user_permissions (id, user_id, permission_id) VALUES (126, 7, 38);
INSERT INTO users_user_permissions (id, user_id, permission_id) VALUES (127, 7, 39);
INSERT INTO users_user_permissions (id, user_id, permission_id) VALUES (128, 7, 40);
INSERT INTO users_user_permissions (id, user_id, permission_id) VALUES (129, 7, 41);
INSERT INTO users_user_permissions (id, user_id, permission_id) VALUES (130, 7, 42);
INSERT INTO users_user_permissions (id, user_id, permission_id) VALUES (131, 7, 43);
INSERT INTO users_user_permissions (id, user_id, permission_id) VALUES (132, 7, 44);

CREATE TABLE "veterinarians" ("id_veterinarian" integer NOT NULL PRIMARY KEY AUTOINCREMENT, "name" varchar(100) NOT NULL, "cedula" varchar(20) NOT NULL UNIQUE, "phone" varchar(20) NOT NULL, "email" varchar(254) NOT NULL UNIQUE, "specialty" varchar(100) NOT NULL, "user_id" bigint NOT NULL UNIQUE REFERENCES "users" ("id") DEFERRABLE INITIALLY DEFERRED);
